2025-09-28_17-33-31,None,draft.py:2025-09-28_17-33-31
2025-09-28_17-59-47,None,draft.py:2025-09-28_17-59-47
2025-09-28_18-00-46,None,draft.py:2025-09-28_18-00-46
2025-09-28_18-01-09,None,draft.py:2025-09-28_18-01-09
2025-09-28_18-03-48,None,draft.py:2025-09-28_18-03-48
2025-09-28_18-04-40,None,draft.py:2025-09-28_18-04-40
2025-09-28_18-13-00,None,draft.py:2025-09-28_18-13-00
2025-09-28_18-14-35,None,draft.py:2025-09-28_18-14-35
2025-09-28_18-15-52,None,draft.py:2025-09-28_18-15-52
2025-09-28_18-16-20,None,draft.py:2025-09-28_18-16-20
2025-09-28_18-17-24,None,draft.py:2025-09-28_18-17-24
2025-09-29_14-33-19,None,draft.py:2025-09-28_18-17-24
